incident_id,name,email,mobile,aadhaar,pan,action,timestamp,data_type,records_accessed,ip_address,anomaly,impact_estimate,status
5574de30-9621-409e-9865-69cbd1ca422a,Riya Patel,riya.patel@xyz.in,9879402654,4456-6155-4483,ASSZT9317D,login,2025-10-14 21:08:20,financial_data,4644,117.204.1.66,Unusual IP,4644 records,OPEN
3ffbf2e9-23aa-4212-8bb6-cf9778d0626d,Riya Patel,riya.patel@xyz.in,9879402654,4456-6155-4483,ASSZT9317D,bulk_export,2025-10-13 18:23:20,kyc_docs,35340,117.204.1.17,"Bulk download, Large health/KYC access",35340 records,OPEN
d0d930c1-1ab7-4259-8fc5-5471fb7ab2dc,Pooja Gupta,pooja.gupta@support.com,9892832764,9085-2489-1771,IZQLN2982H,view_record,2025-10-12 04:35:20,health_data,52921,117.204.1.53,"Odd hour access, Large health/KYC access",52921 records,OPEN
f6835ad1-c769-476f-9636-a8cfee1bbd38,Riya Patel,riya.patel@xyz.in,9879402654,4456-6155-4483,ASSZT9317D,bulk_export,2025-10-14 17:59:20,financial_data,27760,117.204.1.53,Bulk download,27760 records,OPEN
d33254df-409f-40cf-a011-7b430ebd8e89,Arjun Rao,arjun.rao@org.com,9818495931,5040-9830-5304,WVHBW2290C,bulk_export,2025-10-14 06:48:20,kyc_docs,4941,117.204.1.57,Large health/KYC access,4941 records,OPEN
11a0ce1c-b90c-4719-a6da-078c68306117,Vivek Suri,vivek.suri@abc.com,9889083863,7572-5386-2084,XTTIH3591O,bulk_export,2025-10-13 01:34:20,kyc_docs,26283,117.204.1.8,"Bulk download, Odd hour access, Large health/KYC access",26283 records,OPEN
543a1f0d-2f0c-4ed0-b88a-321f0d5d7ae1,Vivek Suri,vivek.suri@abc.com,9889083863,7572-5386-2084,XTTIH3591O,bulk_export,2025-10-13 06:05:20,financial_data,51385,117.204.1.59,Bulk download,51385 records,OPEN
1766e31f-cba0-4378-a35e-e5361ece6099,Deepak Mehra,deepak.mehra@corp.in,9823511615,9179-7482-8517,WHQPD3646R,logout,2025-10-12 23:21:20,transaction_export,47082,117.204.1.63,Odd hour access,47082 records,OPEN
87f74363-3c53-4d45-b8c9-fcd9333bd5db,Vivek Suri,vivek.suri@abc.com,9889083863,7572-5386-2084,XTTIH3591O,view_record,2025-10-14 05:47:20,customer_records,37958,117.204.1.70,"Odd hour access, Unusual IP",37958 records,OPEN
a62aa676-40c3-40c3-8e8b-5643b58abba6,Pooja Gupta,pooja.gupta@support.com,9892832764,9085-2489-1771,IZQLN2982H,view_record,2025-10-14 21:22:20,health_data,7857,117.204.1.73,"Unusual IP, Large health/KYC access",7857 records,OPEN
af29fc5a-5bee-49db-99b4-0734601b281d,Pooja Gupta,pooja.gupta@support.com,9892832764,9085-2489-1771,IZQLN2982H,download,2025-10-12 05:32:20,financial_data,13387,117.204.1.41,"Bulk download, Odd hour access",13387 records,OPEN
db411473-407f-42a9-8766-97958ad9b1e4,Kavita Jha,kavita.jha@mail.com,9803413164,8019-7543-6930,TVZND8787R,login,2025-10-13 13:06:20,customer_records,30035,117.204.1.80,Unusual IP,30035 records,OPEN
b27e3d2b-09cb-4821-81fa-3efd0591ea7c,Pooja Gupta,pooja.gupta@support.com,9892832764,9085-2489-1771,IZQLN2982H,logout,2025-10-14 18:01:20,kyc_docs,33154,117.204.1.34,Large health/KYC access,33154 records,OPEN
dd75cb7c-815e-45ec-981c-b114d2628325,Vivek Suri,vivek.suri@abc.com,9889083863,7572-5386-2084,XTTIH3591O,login,2025-10-13 09:09:20,kyc_docs,24218,117.204.1.37,Large health/KYC access,24218 records,OPEN
1217f0b5-5917-4a5f-9c98-fb1b3d7bea2f,Vivek Suri,vivek.suri@abc.com,9889083863,7572-5386-2084,XTTIH3591O,logout,2025-10-12 21:12:20,transaction_export,19826,117.204.1.79,Unusual IP,19826 records,OPEN
9eeba641-5198-4f0f-9a4a-99abb622e234,Suresh Nair,suresh.nair@enterprise.in,9875255341,4593-3266-9348,ENPZY4295W,logout,2025-10-15 04:23:20,financial_data,43476,117.204.1.14,Odd hour access,43476 records,OPEN
de171e52-a287-4e90-8390-d301fddc4fe2,Deepak Mehra,deepak.mehra@corp.in,9823511615,9179-7482-8517,WHQPD3646R,download,2025-10-15 01:05:20,kyc_docs,41754,117.204.1.34,"Bulk download, Odd hour access, Large health/KYC access",41754 records,OPEN
9919c860-1c0f-4325-85cf-1b7aabac4a9b,Priya Singh,priya.singh@yahoo.com,9819600133,4752-1525-6168,PMGOY2876V,login,2025-10-14 10:31:20,financial_data,38176,117.204.1.71,Unusual IP,38176 records,OPEN
a30b9607-dbdd-45da-a37c-6f35a496b8f7,Divya Iyer,divya.iyer@company.com,9859407816,3340-5339-3287,YXXPM2832L,view_record,2025-10-14 03:22:20,transaction_export,6737,117.204.1.46,Odd hour access,6737 records,OPEN
f44d913f-d7fb-44f5-a5c4-c9a56cadbc8b,Suresh Nair,suresh.nair@enterprise.in,9875255341,4593-3266-9348,ENPZY4295W,view_record,2025-10-13 01:26:20,kyc_docs,10650,117.204.1.23,"Odd hour access, Large health/KYC access",10650 records,OPEN
05c4a636-2c78-4f48-a0bd-5469533cc750,Arjun Rao,arjun.rao@org.com,9818495931,5040-9830-5304,WVHBW2290C,download,2025-10-15 02:54:20,health_data,52576,117.204.1.32,"Bulk download, Odd hour access, Large health/KYC access",52576 records,OPEN
d9af34ac-8722-49c3-a7c5-add43a7ae0c6,Deepak Mehra,deepak.mehra@corp.in,9823511615,9179-7482-8517,WHQPD3646R,login,2025-10-14 09:15:20,health_data,2538,117.204.1.61,Large health/KYC access,2538 records,OPEN
214fb7a8-ad88-4e62-ade5-426234d6a738,Riya Patel,riya.patel@xyz.in,9879402654,4456-6155-4483,ASSZT9317D,bulk_export,2025-10-14 04:13:20,financial_data,20001,117.204.1.30,"Bulk download, Odd hour access",20001 records,OPEN
3b184fce-2a20-4753-892b-331b5558cbb9,Riya Patel,riya.patel@xyz.in,9879402654,4456-6155-4483,ASSZT9317D,view_record,2025-10-15 02:23:20,health_data,21513,117.204.1.36,"Odd hour access, Large health/KYC access",21513 records,OPEN
60bce238-3b16-411e-8f07-b5f5cdb27d21,Priya Singh,priya.singh@yahoo.com,9819600133,4752-1525-6168,PMGOY2876V,logout,2025-10-13 18:43:20,health_data,44533,117.204.1.69,"Unusual IP, Large health/KYC access",44533 records,OPEN
9ae22f38-2dda-44e1-85b2-4fa1020769e7,Divya Iyer,divya.iyer@company.com,9859407816,3340-5339-3287,YXXPM2832L,download,2025-10-15 02:58:20,kyc_docs,38050,117.204.1.34,"Bulk download, Odd hour access, Large health/KYC access",38050 records,OPEN
9ea91f56-22f6-4aac-82f6-3aa7400885bc,Amit Sharma,amit.sharma@gmail.com,9810433218,4598-6313-1916,WDERP7304M,bulk_export,2025-10-14 16:27:20,financial_data,47746,117.204.1.41,Bulk download,47746 records,OPEN
93e00871-e47d-40b3-a359-b59fccb07017,Arjun Rao,arjun.rao@org.com,9818495931,5040-9830-5304,WVHBW2290C,login,2025-10-12 00:33:20,health_data,37788,117.204.1.25,Large health/KYC access,37788 records,OPEN
4046645c-c4e5-4040-ae69-5de8018501be,Deepak Mehra,deepak.mehra@corp.in,9823511615,9179-7482-8517,WHQPD3646R,bulk_export,2025-10-15 00:20:20,customer_records,34074,117.204.1.69,"Bulk download, Odd hour access, Unusual IP",34074 records,OPEN
fb4c11a7-a857-40db-9591-fc9cd92f2e48,Riya Patel,riya.patel@xyz.in,9879402654,4456-6155-4483,ASSZT9317D,login,2025-10-13 07:38:20,transaction_export,21640,117.204.1.80,Unusual IP,21640 records,OPEN
c7d708d8-ee98-4422-a036-16a5c7f11d7e,Divya Iyer,divya.iyer@company.com,9859407816,3340-5339-3287,YXXPM2832L,download,2025-10-14 14:19:20,address_proof,20270,117.204.1.53,Bulk download,20270 records,OPEN
b06402bd-1bf9-4f61-83b5-b973e54ca694,Divya Iyer,divya.iyer@company.com,9859407816,3340-5339-3287,YXXPM2832L,download,2025-10-13 02:21:20,address_proof,8342,117.204.1.25,Odd hour access,8342 records,OPEN
24b6635b-21df-4181-849a-c6b0ac43f429,Arjun Rao,arjun.rao@org.com,9818495931,5040-9830-5304,WVHBW2290C,view_record,2025-10-13 05:22:20,address_proof,37297,117.204.1.39,Odd hour access,37297 records,OPEN
957d4b48-c71c-4143-aabd-024faacb4527,Arjun Rao,arjun.rao@org.com,9818495931,5040-9830-5304,WVHBW2290C,download,2025-10-12 03:27:20,health_data,28953,117.204.1.57,"Bulk download, Odd hour access, Large health/KYC access",28953 records,OPEN
cfe730dd-78fb-49e1-8147-9510440e149d,Suresh Nair,suresh.nair@enterprise.in,9875255341,4593-3266-9348,ENPZY4295W,login,2025-10-11 22:44:20,kyc_docs,44093,117.204.1.40,Large health/KYC access,44093 records,OPEN
4e25eb79-927b-4e1e-a9aa-5c8b17313697,Pooja Gupta,pooja.gupta@support.com,9892832764,9085-2489-1771,IZQLN2982H,bulk_export,2025-10-14 20:36:20,transaction_export,37728,117.204.1.25,Bulk download,37728 records,OPEN
97282e24-fa08-4642-8433-8e838185aa2f,Arjun Rao,arjun.rao@org.com,9818495931,5040-9830-5304,WVHBW2290C,view_record,2025-10-12 14:40:20,kyc_docs,42996,117.204.1.1,Large health/KYC access,42996 records,OPEN
c8bc8b1a-0c54-4e8e-a432-6f5e9d2a7c76,Priya Singh,priya.singh@yahoo.com,9819600133,4752-1525-6168,PMGOY2876V,view_record,2025-10-12 23:51:20,transaction_export,33945,117.204.1.60,Odd hour access,33945 records,OPEN
06a5b22b-1136-402c-9cab-a5355efa28f4,Amit Sharma,amit.sharma@gmail.com,9810433218,4598-6313-1916,WDERP7304M,login,2025-10-12 06:50:20,health_data,8739,117.204.1.60,Large health/KYC access,8739 records,OPEN
8c0e8360-f4c9-47c6-8e61-91cf426ab39b,Suresh Nair,suresh.nair@enterprise.in,9875255341,4593-3266-9348,ENPZY4295W,download,2025-10-12 06:27:20,health_data,40151,117.204.1.65,"Bulk download, Large health/KYC access",40151 records,OPEN
74b4a321-b60f-48f4-bca2-81b50f0fd99e,Deepak Mehra,deepak.mehra@corp.in,9823511615,9179-7482-8517,WHQPD3646R,download,2025-10-13 22:12:20,address_proof,31759,117.204.1.31,Bulk download,31759 records,OPEN
ebcb190f-17a9-47d1-a85b-cd39d9346780,Deepak Mehra,deepak.mehra@corp.in,9823511615,9179-7482-8517,WHQPD3646R,download,2025-10-12 22:01:20,kyc_docs,17808,117.204.1.43,"Bulk download, Large health/KYC access",17808 records,OPEN
3cfa401f-0a1e-4791-82e4-9a4d5793c687,Divya Iyer,divya.iyer@company.com,9859407816,3340-5339-3287,YXXPM2832L,view_record,2025-10-12 09:00:20,kyc_docs,15156,117.204.1.50,Large health/KYC access,15156 records,OPEN
47b1490c-44ab-46a9-955d-0c4760e80666,Vivek Suri,vivek.suri@abc.com,9889083863,7572-5386-2084,XTTIH3591O,bulk_export,2025-10-14 03:01:20,health_data,21685,117.204.1.70,"Bulk download, Odd hour access, Unusual IP, Large health/KYC access",21685 records,OPEN
70d1bebe-5f18-4a52-a3a9-a2e7c2b6cbdd,Kavita Jha,kavita.jha@mail.com,9803413164,8019-7543-6930,TVZND8787R,view_record,2025-10-13 01:02:20,health_data,25525,117.204.1.75,"Odd hour access, Unusual IP, Large health/KYC access",25525 records,OPEN
5b3393dc-a7b1-4845-9751-b638acef2aba,Amit Sharma,amit.sharma@gmail.com,9810433218,4598-6313-1916,WDERP7304M,bulk_export,2025-10-12 04:41:20,customer_records,23053,117.204.1.39,"Bulk download, Odd hour access",23053 records,OPEN
02e57a62-866d-4c1d-a51e-5a2d07cbd8e3,Arjun Rao,arjun.rao@org.com,9818495931,5040-9830-5304,WVHBW2290C,logout,2025-10-13 00:31:20,address_proof,14454,117.204.1.63,Odd hour access,14454 records,OPEN
d9091fc1-af68-4096-8171-9b528da2bded,Riya Patel,riya.patel@xyz.in,9879402654,4456-6155-4483,ASSZT9317D,bulk_export,2025-10-13 19:38:20,customer_records,25485,117.204.1.44,Bulk download,25485 records,OPEN
65dc787c-21ef-42d3-a016-4447bdb52419,Arjun Rao,arjun.rao@org.com,9818495931,5040-9830-5304,WVHBW2290C,bulk_export,2025-10-14 08:12:20,kyc_docs,40781,117.204.1.69,"Bulk download, Unusual IP, Large health/KYC access",40781 records,OPEN
aa2aa667-f2c8-4485-b3d8-4363b4dfd63b,Amit Sharma,amit.sharma@gmail.com,9810433218,4598-6313-1916,WDERP7304M,logout,2025-10-13 03:28:20,transaction_export,1777,117.204.1.11,Odd hour access,1777 records,OPEN
43bbed10-dfea-4f9a-9d2d-3ecc8ec9a5b3,Arjun Rao,arjun.rao@org.com,9818495931,5040-9830-5304,WVHBW2290C,bulk_export,2025-10-14 12:10:20,kyc_docs,3296,117.204.1.34,Large health/KYC access,3296 records,OPEN
92f31fc7-8e89-449e-a4e7-cb82acc89f96,Arjun Rao,arjun.rao@org.com,9818495931,5040-9830-5304,WVHBW2290C,bulk_export,2025-10-13 12:52:20,financial_data,22119,117.204.1.49,Bulk download,22119 records,OPEN
ca37d5c0-409b-441b-87bf-e2eb71db4924,Deepak Mehra,deepak.mehra@corp.in,9823511615,9179-7482-8517,WHQPD3646R,login,2025-10-13 00:49:20,health_data,1271,117.204.1.70,"Unusual IP, Large health/KYC access",1271 records,OPEN
17a84121-f690-4fc0-9a94-8bdde47bccab,Vivek Suri,vivek.suri@abc.com,9889083863,7572-5386-2084,XTTIH3591O,logout,2025-10-13 14:59:20,customer_records,20445,117.204.1.74,Unusual IP,20445 records,OPEN
5c96fdfb-8b56-4c7b-a908-208e44463e88,Arjun Rao,arjun.rao@org.com,9818495931,5040-9830-5304,WVHBW2290C,view_record,2025-10-13 03:20:20,customer_records,38804,117.204.1.32,Odd hour access,38804 records,OPEN
cc79b9f8-d1f9-4ba1-9780-e10678af4aad,Priya Singh,priya.singh@yahoo.com,9819600133,4752-1525-6168,PMGOY2876V,logout,2025-10-13 15:11:20,customer_records,52182,117.204.1.73,Unusual IP,52182 records,OPEN
de240948-d7c0-420d-9851-109153c45678,Amit Sharma,amit.sharma@gmail.com,9810433218,4598-6313-1916,WDERP7304M,bulk_export,2025-10-13 09:31:20,transaction_export,24286,117.204.1.9,Bulk download,24286 records,OPEN
4a2eaddb-aa2c-4962-8387-98ef66d360df,Suresh Nair,suresh.nair@enterprise.in,9875255341,4593-3266-9348,ENPZY4295W,bulk_export,2025-10-13 11:05:20,health_data,6917,117.204.1.56,Large health/KYC access,6917 records,OPEN
8345619f-cfc0-4675-85e6-594d5c95c364,Divya Iyer,divya.iyer@company.com,9859407816,3340-5339-3287,YXXPM2832L,view_record,2025-10-12 19:20:20,health_data,11544,117.204.1.67,"Unusual IP, Large health/KYC access",11544 records,OPEN
80e1404f-8441-4115-bc7e-7042f1b2d0f6,Deepak Mehra,deepak.mehra@corp.in,9823511615,9179-7482-8517,WHQPD3646R,logout,2025-10-11 23:14:20,health_data,30466,117.204.1.56,"Odd hour access, Large health/KYC access",30466 records,OPEN
f6339ab7-7fbf-4fdf-9b70-ac30c365837b,Amit Sharma,amit.sharma@gmail.com,9810433218,4598-6313-1916,WDERP7304M,download,2025-10-12 14:11:20,kyc_docs,31953,117.204.1.28,"Bulk download, Large health/KYC access",31953 records,OPEN
9210fd38-d868-4279-8810-f85b6e318dea,Divya Iyer,divya.iyer@company.com,9859407816,3340-5339-3287,YXXPM2832L,download,2025-10-13 20:44:20,address_proof,45953,117.204.1.36,Bulk download,45953 records,OPEN
cc34ffe3-24ac-4334-9d23-7a52687c54b4,Suresh Nair,suresh.nair@enterprise.in,9875255341,4593-3266-9348,ENPZY4295W,view_record,2025-10-15 04:32:20,customer_records,15818,117.204.1.53,Odd hour access,15818 records,OPEN
f6aa84ba-0a3c-483d-a974-1d65c99b02f2,Kavita Jha,kavita.jha@mail.com,9803413164,8019-7543-6930,TVZND8787R,download,2025-10-15 04:00:20,kyc_docs,26503,117.204.1.32,"Bulk download, Odd hour access, Large health/KYC access",26503 records,OPEN
e6a46c54-f9e8-43be-9671-2a74185e0d23,Deepak Mehra,deepak.mehra@corp.in,9823511615,9179-7482-8517,WHQPD3646R,bulk_export,2025-10-12 03:42:20,address_proof,34795,117.204.1.45,"Bulk download, Odd hour access",34795 records,OPEN
52ad7e90-24e4-49ef-9ee3-1e77fde757b5,Arjun Rao,arjun.rao@org.com,9818495931,5040-9830-5304,WVHBW2290C,download,2025-10-12 07:44:20,transaction_export,29737,117.204.1.35,Bulk download,29737 records,OPEN
a4707c4f-b94e-4bc5-901e-2441374433b5,Priya Singh,priya.singh@yahoo.com,9819600133,4752-1525-6168,PMGOY2876V,view_record,2025-10-12 09:17:20,kyc_docs,14181,117.204.1.62,Large health/KYC access,14181 records,OPEN
e4415559-680d-42b6-8007-aee65bf6e231,Deepak Mehra,deepak.mehra@corp.in,9823511615,9179-7482-8517,WHQPD3646R,logout,2025-10-12 02:17:20,address_proof,18547,117.204.1.13,Odd hour access,18547 records,OPEN
4bb9c8cd-9965-49f2-96c8-b3b23a5c9f3d,Riya Patel,riya.patel@xyz.in,9879402654,4456-6155-4483,ASSZT9317D,download,2025-10-13 16:51:20,kyc_docs,19810,117.204.1.2,"Bulk download, Large health/KYC access",19810 records,OPEN
d1dc35da-df9f-45fb-9b19-1b15e37052f4,Priya Singh,priya.singh@yahoo.com,9819600133,4752-1525-6168,PMGOY2876V,bulk_export,2025-10-14 21:40:20,customer_records,37816,117.204.1.7,Bulk download,37816 records,OPEN
2f1bb078-89f4-44a6-9cfa-b3f86c8acd36,Priya Singh,priya.singh@yahoo.com,9819600133,4752-1525-6168,PMGOY2876V,bulk_export,2025-10-12 06:17:20,address_proof,39068,117.204.1.80,"Bulk download, Unusual IP",39068 records,OPEN
9a71b66a-fbca-4003-8c93-5d7f97e2bdf6,Riya Patel,riya.patel@xyz.in,9879402654,4456-6155-4483,ASSZT9317D,bulk_export,2025-10-12 11:41:20,health_data,19488,117.204.1.76,"Bulk download, Unusual IP, Large health/KYC access",19488 records,OPEN
39ede6d9-9b18-4e35-a774-2262a48130eb,Kavita Jha,kavita.jha@mail.com,9803413164,8019-7543-6930,TVZND8787R,download,2025-10-12 01:35:20,customer_records,15171,117.204.1.37,"Bulk download, Odd hour access",15171 records,OPEN
52c3e24f-e642-4e53-b5d6-b7301afa1635,Deepak Mehra,deepak.mehra@corp.in,9823511615,9179-7482-8517,WHQPD3646R,view_record,2025-10-12 20:01:20,financial_data,51632,117.204.1.76,Unusual IP,51632 records,OPEN
7e1d2e8c-a892-44db-875c-07a00b0b0a3b,Riya Patel,riya.patel@xyz.in,9879402654,4456-6155-4483,ASSZT9317D,logout,2025-10-12 23:58:20,kyc_docs,42444,117.204.1.20,"Odd hour access, Large health/KYC access",42444 records,OPEN
967cb215-ed47-4f60-9105-d4bfa509c329,Deepak Mehra,deepak.mehra@corp.in,9823511615,9179-7482-8517,WHQPD3646R,login,2025-10-14 12:01:20,kyc_docs,51946,117.204.1.40,Large health/KYC access,51946 records,OPEN
fa8260f0-4f04-4316-9913-eecb0e2ca934,Pooja Gupta,pooja.gupta@support.com,9892832764,9085-2489-1771,IZQLN2982H,download,2025-10-12 05:07:20,health_data,8150,117.204.1.60,"Odd hour access, Large health/KYC access",8150 records,OPEN
3199ad69-81e5-4b1e-9c1f-8f227bf9d736,Deepak Mehra,deepak.mehra@corp.in,9823511615,9179-7482-8517,WHQPD3646R,logout,2025-10-13 02:48:20,address_proof,32362,117.204.1.57,Odd hour access,32362 records,OPEN
6521aecf-1ace-41fe-b2bf-7c6e2e9b8f8a,Priya Singh,priya.singh@yahoo.com,9819600133,4752-1525-6168,PMGOY2876V,bulk_export,2025-10-12 02:03:20,transaction_export,21124,117.204.1.78,"Bulk download, Odd hour access, Unusual IP",21124 records,OPEN
98beb2d0-e9ed-45e5-80da-aa3bb8d2006d,Deepak Mehra,deepak.mehra@corp.in,9823511615,9179-7482-8517,WHQPD3646R,view_record,2025-10-15 03:00:20,transaction_export,54786,117.204.1.74,"Odd hour access, Unusual IP",54786 records,OPEN
dfb65374-93c8-4cf1-95fd-37c308e37bca,Pooja Gupta,pooja.gupta@support.com,9892832764,9085-2489-1771,IZQLN2982H,download,2025-10-15 03:17:20,address_proof,2637,117.204.1.23,Odd hour access,2637 records,OPEN
0462d431-6166-4ae2-b256-7588ff9a8ac0,Kavita Jha,kavita.jha@mail.com,9803413164,8019-7543-6930,TVZND8787R,bulk_export,2025-10-12 11:24:20,financial_data,11895,117.204.1.75,"Bulk download, Unusual IP",11895 records,OPEN
3e2d8ec4-8db7-486e-bf5b-880a36106dce,Arjun Rao,arjun.rao@org.com,9818495931,5040-9830-5304,WVHBW2290C,bulk_export,2025-10-12 16:00:20,financial_data,26762,117.204.1.43,Bulk download,26762 records,OPEN
8c33bbde-ead2-4056-ae84-d06237971975,Deepak Mehra,deepak.mehra@corp.in,9823511615,9179-7482-8517,WHQPD3646R,logout,2025-10-13 02:13:20,customer_records,29808,117.204.1.12,Odd hour access,29808 records,OPEN
a196779f-f898-437f-96b7-60449f353bf6,Divya Iyer,divya.iyer@company.com,9859407816,3340-5339-3287,YXXPM2832L,login,2025-10-13 21:45:20,health_data,33725,117.204.1.1,Large health/KYC access,33725 records,OPEN
8e3ca75b-4a55-4003-b2d8-2f0c9b84a83b,Suresh Nair,suresh.nair@enterprise.in,9875255341,4593-3266-9348,ENPZY4295W,login,2025-10-12 18:39:20,kyc_docs,33977,117.204.1.47,Large health/KYC access,33977 records,OPEN
40f12a5f-de8f-433d-9579-12fa65c7262e,Pooja Gupta,pooja.gupta@support.com,9892832764,9085-2489-1771,IZQLN2982H,bulk_export,2025-10-12 14:25:20,customer_records,13341,117.204.1.35,Bulk download,13341 records,OPEN
27c24fdb-66e1-4dfb-87bd-3797262f7366,Suresh Nair,suresh.nair@enterprise.in,9875255341,4593-3266-9348,ENPZY4295W,download,2025-10-14 13:06:20,health_data,45761,117.204.1.63,"Bulk download, Large health/KYC access",45761 records,OPEN
bd809f3c-b955-4d61-9426-2c56bca02370,Priya Singh,priya.singh@yahoo.com,9819600133,4752-1525-6168,PMGOY2876V,logout,2025-10-15 02:25:20,kyc_docs,46517,117.204.1.21,"Odd hour access, Large health/KYC access",46517 records,OPEN
66b8c04e-f23d-410e-96c3-d1c16b6647bd,Deepak Mehra,deepak.mehra@corp.in,9823511615,9179-7482-8517,WHQPD3646R,logout,2025-10-12 08:05:20,health_data,6109,117.204.1.29,Large health/KYC access,6109 records,OPEN
9d07b4a9-29bd-49c9-9e07-f31fda8e1184,Priya Singh,priya.singh@yahoo.com,9819600133,4752-1525-6168,PMGOY2876V,view_record,2025-10-12 18:58:20,health_data,46964,117.204.1.38,Large health/KYC access,46964 records,OPEN
42e9b8a1-e865-43cd-a4af-74b446f34e2a,Suresh Nair,suresh.nair@enterprise.in,9875255341,4593-3266-9348,ENPZY4295W,bulk_export,2025-10-13 19:39:20,health_data,15974,117.204.1.59,"Bulk download, Large health/KYC access",15974 records,OPEN
80bce4a4-41ba-4f8f-bd1a-bd3372cc29c1,Priya Singh,priya.singh@yahoo.com,9819600133,4752-1525-6168,PMGOY2876V,bulk_export,2025-10-13 18:16:20,financial_data,51624,117.204.1.65,Bulk download,51624 records,OPEN
affa47f0-efa5-488c-9d06-982232eb9c75,Deepak Mehra,deepak.mehra@corp.in,9823511615,9179-7482-8517,WHQPD3646R,download,2025-10-15 05:47:20,address_proof,38006,117.204.1.63,"Bulk download, Odd hour access",38006 records,OPEN
f553da16-6348-4f74-8499-d6b93f8a406a,Vivek Suri,vivek.suri@abc.com,9889083863,7572-5386-2084,XTTIH3591O,bulk_export,2025-10-12 20:31:20,financial_data,21787,117.204.1.71,"Bulk download, Unusual IP",21787 records,OPEN
c5bf78e9-98c9-45f9-b100-1bd51b57ca6a,Suresh Nair,suresh.nair@enterprise.in,9875255341,4593-3266-9348,ENPZY4295W,download,2025-10-13 05:36:20,kyc_docs,45712,117.204.1.31,"Bulk download, Odd hour access, Large health/KYC access",45712 records,OPEN
6d1c4b27-5241-460f-9ca8-9aa3fb6687f0,Pooja Gupta,pooja.gupta@support.com,9892832764,9085-2489-1771,IZQLN2982H,bulk_export,2025-10-13 04:51:20,customer_records,20853,117.204.1.61,"Bulk download, Odd hour access",20853 records,OPEN
8550096e-9f0e-4032-83b9-496468c73575,Arjun Rao,arjun.rao@org.com,9818495931,5040-9830-5304,WVHBW2290C,view_record,2025-10-13 04:23:20,health_data,2427,117.204.1.17,"Odd hour access, Large health/KYC access",2427 records,OPEN
acdd0acb-ebb9-47ef-ad9d-659da7fb9167,Suresh Nair,suresh.nair@enterprise.in,9875255341,4593-3266-9348,ENPZY4295W,login,2025-10-12 02:44:20,health_data,6535,117.204.1.68,"Unusual IP, Large health/KYC access",6535 records,OPEN
15082b25-a1ed-4bb5-b741-1b5774dabef6,Kavita Jha,kavita.jha@mail.com,9803413164,8019-7543-6930,TVZND8787R,view_record,2025-10-15 04:19:20,health_data,42912,117.204.1.20,"Odd hour access, Large health/KYC access",42912 records,OPEN
8d084e2a-0cf6-4d19-a434-f4e84b41cd60,Priya Singh,priya.singh@yahoo.com,9819600133,4752-1525-6168,PMGOY2876V,download,2025-10-12 17:15:20,financial_data,40846,117.204.1.51,Bulk download,40846 records,OPEN
fbf3a9a7-545c-432e-aa06-107dbd03bb2d,Priya Singh,priya.singh@yahoo.com,9819600133,4752-1525-6168,PMGOY2876V,logout,2025-10-13 11:11:20,health_data,20753,117.204.1.63,Large health/KYC access,20753 records,OPEN
60fbbbb3-647a-4d0e-ace3-e747fe9944bb,Suresh Nair,suresh.nair@enterprise.in,9875255341,4593-3266-9348,ENPZY4295W,login,2025-10-15 01:26:20,kyc_docs,41364,117.204.1.37,Large health/KYC access,41364 records,OPEN
bb150ec9-476b-4fd6-8f98-e25c0eec564d,Amit Sharma,amit.sharma@gmail.com,9810433218,4598-6313-1916,WDERP7304M,download,2025-10-13 16:43:20,health_data,9541,117.204.1.32,Large health/KYC access,9541 records,OPEN
7fef3e53-a4e3-4ca3-8b95-e4b1e2c57620,Suresh Nair,suresh.nair@enterprise.in,9875255341,4593-3266-9348,ENPZY4295W,view_record,2025-10-13 01:29:20,kyc_docs,11474,117.204.1.11,"Odd hour access, Large health/KYC access",11474 records,OPEN
500fac13-26b7-4020-9c27-7f85b8002a12,Pooja Gupta,pooja.gupta@support.com,9892832764,9085-2489-1771,IZQLN2982H,view_record,2025-10-13 05:26:20,health_data,38218,117.204.1.19,"Odd hour access, Large health/KYC access",38218 records,OPEN
db45b4d4-f5a6-4bf5-9447-0f5a3d3b4f1d,Riya Patel,riya.patel@xyz.in,9879402654,4456-6155-4483,ASSZT9317D,download,2025-10-12 18:25:20,health_data,16734,117.204.1.2,"Bulk download, Large health/KYC access",16734 records,OPEN
aed2d792-7f31-4bca-9073-d23708dd60de,Kavita Jha,kavita.jha@mail.com,9803413164,8019-7543-6930,TVZND8787R,logout,2025-10-13 17:22:20,kyc_docs,4841,117.204.1.57,Large health/KYC access,4841 records,OPEN
334c1ee8-a3c2-4d3c-aa71-fe66992df7c4,Divya Iyer,divya.iyer@company.com,9859407816,3340-5339-3287,YXXPM2832L,bulk_export,2025-10-12 02:46:20,transaction_export,16391,117.204.1.59,"Bulk download, Odd hour access",16391 records,OPEN
008d94c8-488e-4bf9-92e5-80aeee73e572,Deepak Mehra,deepak.mehra@corp.in,9823511615,9179-7482-8517,WHQPD3646R,bulk_export,2025-10-14 04:41:20,customer_records,15546,117.204.1.49,"Bulk download, Odd hour access",15546 records,OPEN
3dba19f3-1ae3-4f37-8a32-15c394a2da0f,Pooja Gupta,pooja.gupta@support.com,9892832764,9085-2489-1771,IZQLN2982H,download,2025-10-13 08:29:20,transaction_export,19349,117.204.1.3,Bulk download,19349 records,OPEN
1d2e34e5-6c65-4c8b-857f-22389820081b,Pooja Gupta,pooja.gupta@support.com,9892832764,9085-2489-1771,IZQLN2982H,download,2025-10-12 14:12:20,kyc_docs,39785,117.204.1.46,"Bulk download, Large health/KYC access",39785 records,OPEN
