timestamp,name,email,mobile,aadhaar,pan,action,data_type,records_accessed,ip_address,anomaly
2025-10-14 21:44:20,Riya Patel,riya.patel@xyz.in,9879402654,4456-6155-4483,ASSZT9317D,login,address_proof,36302,117.204.1.30,
2025-10-14 02:05:20,Pooja Gupta,pooja.gupta@support.com,9892832764,9085-2489-1771,IZQLN2982H,login,transaction_export,41360,117.204.1.8,
2025-10-14 21:08:20,Riya Patel,riya.patel@xyz.in,9879402654,4456-6155-4483,ASSZT9317D,login,financial_data,4644,117.204.1.66,Unusual IP
2025-10-13 18:23:20,Riya Patel,riya.patel@xyz.in,9879402654,4456-6155-4483,ASSZT9317D,bulk_export,kyc_docs,35340,117.204.1.17,"Bulk download, Large health/KYC access"
2025-10-12 04:35:20,Pooja Gupta,pooja.gupta@support.com,9892832764,9085-2489-1771,IZQLN2982H,view_record,health_data,52921,117.204.1.53,"Odd hour access, Large health/KYC access"
2025-10-14 17:59:20,Riya Patel,riya.patel@xyz.in,9879402654,4456-6155-4483,ASSZT9317D,bulk_export,financial_data,27760,117.204.1.53,Bulk download
2025-10-14 23:22:20,Kavita Jha,kavita.jha@mail.com,9803413164,8019-7543-6930,TVZND8787R,login,customer_records,26387,117.204.1.44,
2025-10-13 22:53:20,Priya Singh,priya.singh@yahoo.com,9819600133,4752-1525-6168,PMGOY2876V,view_record,address_proof,29401,117.204.1.18,
2025-10-14 06:48:20,Arjun Rao,arjun.rao@org.com,9818495931,5040-9830-5304,WVHBW2290C,bulk_export,kyc_docs,4941,117.204.1.57,Large health/KYC access
2025-10-14 18:02:20,Suresh Nair,suresh.nair@enterprise.in,9875255341,4593-3266-9348,ENPZY4295W,logout,customer_records,6113,117.204.1.31,
2025-10-13 01:34:20,Vivek Suri,vivek.suri@abc.com,9889083863,7572-5386-2084,XTTIH3591O,bulk_export,kyc_docs,26283,117.204.1.8,"Bulk download, Odd hour access, Large health/KYC access"
2025-10-13 06:05:20,Vivek Suri,vivek.suri@abc.com,9889083863,7572-5386-2084,XTTIH3591O,bulk_export,financial_data,51385,117.204.1.59,Bulk download
2025-10-12 23:21:20,Deepak Mehra,deepak.mehra@corp.in,9823511615,9179-7482-8517,WHQPD3646R,logout,transaction_export,47082,117.204.1.63,Odd hour access
2025-10-14 05:47:20,Vivek Suri,vivek.suri@abc.com,9889083863,7572-5386-2084,XTTIH3591O,view_record,customer_records,37958,117.204.1.70,"Odd hour access, Unusual IP"
2025-10-13 14:02:20,Amit Sharma,amit.sharma@gmail.com,9810433218,4598-6313-1916,WDERP7304M,login,address_proof,31247,117.204.1.65,
2025-10-14 10:02:20,Suresh Nair,suresh.nair@enterprise.in,9875255341,4593-3266-9348,ENPZY4295W,logout,customer_records,12179,117.204.1.9,
2025-10-14 21:22:20,Pooja Gupta,pooja.gupta@support.com,9892832764,9085-2489-1771,IZQLN2982H,view_record,health_data,7857,117.204.1.73,"Unusual IP, Large health/KYC access"
2025-10-12 03:27:20,Riya Patel,riya.patel@xyz.in,9879402654,4456-6155-4483,ASSZT9317D,login,address_proof,5373,117.204.1.54,
2025-10-12 05:32:20,Pooja Gupta,pooja.gupta@support.com,9892832764,9085-2489-1771,IZQLN2982H,download,financial_data,13387,117.204.1.41,"Bulk download, Odd hour access"
2025-10-13 20:40:20,Riya Patel,riya.patel@xyz.in,9879402654,4456-6155-4483,ASSZT9317D,view_record,transaction_export,42304,117.204.1.39,
2025-10-13 13:06:20,Kavita Jha,kavita.jha@mail.com,9803413164,8019-7543-6930,TVZND8787R,login,customer_records,30035,117.204.1.80,Unusual IP
2025-10-14 18:01:20,Pooja Gupta,pooja.gupta@support.com,9892832764,9085-2489-1771,IZQLN2982H,logout,kyc_docs,33154,117.204.1.34,Large health/KYC access
2025-10-13 09:09:20,Vivek Suri,vivek.suri@abc.com,9889083863,7572-5386-2084,XTTIH3591O,login,kyc_docs,24218,117.204.1.37,Large health/KYC access
2025-10-12 21:12:20,Vivek Suri,vivek.suri@abc.com,9889083863,7572-5386-2084,XTTIH3591O,logout,transaction_export,19826,117.204.1.79,Unusual IP
2025-10-15 04:23:20,Suresh Nair,suresh.nair@enterprise.in,9875255341,4593-3266-9348,ENPZY4295W,logout,financial_data,43476,117.204.1.14,Odd hour access
2025-10-13 20:58:20,Vivek Suri,vivek.suri@abc.com,9889083863,7572-5386-2084,XTTIH3591O,login,transaction_export,36257,117.204.1.20,
2025-10-13 17:27:20,Deepak Mehra,deepak.mehra@corp.in,9823511615,9179-7482-8517,WHQPD3646R,view_record,transaction_export,22472,117.204.1.27,
2025-10-12 13:34:20,Deepak Mehra,deepak.mehra@corp.in,9823511615,9179-7482-8517,WHQPD3646R,download,customer_records,6049,117.204.1.55,
2025-10-15 01:05:20,Deepak Mehra,deepak.mehra@corp.in,9823511615,9179-7482-8517,WHQPD3646R,download,kyc_docs,41754,117.204.1.34,"Bulk download, Odd hour access, Large health/KYC access"
2025-10-12 21:30:20,Vivek Suri,vivek.suri@abc.com,9889083863,7572-5386-2084,XTTIH3591O,bulk_export,address_proof,634,117.204.1.15,
2025-10-14 10:31:20,Priya Singh,priya.singh@yahoo.com,9819600133,4752-1525-6168,PMGOY2876V,login,financial_data,38176,117.204.1.71,Unusual IP
2025-10-12 22:57:20,Vivek Suri,vivek.suri@abc.com,9889083863,7572-5386-2084,XTTIH3591O,login,financial_data,23898,117.204.1.6,
2025-10-14 03:22:20,Divya Iyer,divya.iyer@company.com,9859407816,3340-5339-3287,YXXPM2832L,view_record,transaction_export,6737,117.204.1.46,Odd hour access
2025-10-13 01:26:20,Suresh Nair,suresh.nair@enterprise.in,9875255341,4593-3266-9348,ENPZY4295W,view_record,kyc_docs,10650,117.204.1.23,"Odd hour access, Large health/KYC access"
2025-10-15 02:54:20,Arjun Rao,arjun.rao@org.com,9818495931,5040-9830-5304,WVHBW2290C,download,health_data,52576,117.204.1.32,"Bulk download, Odd hour access, Large health/KYC access"
2025-10-14 09:15:20,Deepak Mehra,deepak.mehra@corp.in,9823511615,9179-7482-8517,WHQPD3646R,login,health_data,2538,117.204.1.61,Large health/KYC access
2025-10-14 04:13:20,Riya Patel,riya.patel@xyz.in,9879402654,4456-6155-4483,ASSZT9317D,bulk_export,financial_data,20001,117.204.1.30,"Bulk download, Odd hour access"
2025-10-15 02:23:20,Riya Patel,riya.patel@xyz.in,9879402654,4456-6155-4483,ASSZT9317D,view_record,health_data,21513,117.204.1.36,"Odd hour access, Large health/KYC access"
2025-10-13 18:43:20,Priya Singh,priya.singh@yahoo.com,9819600133,4752-1525-6168,PMGOY2876V,logout,health_data,44533,117.204.1.69,"Unusual IP, Large health/KYC access"
2025-10-15 02:58:20,Divya Iyer,divya.iyer@company.com,9859407816,3340-5339-3287,YXXPM2832L,download,kyc_docs,38050,117.204.1.34,"Bulk download, Odd hour access, Large health/KYC access"
2025-10-14 16:27:20,Amit Sharma,amit.sharma@gmail.com,9810433218,4598-6313-1916,WDERP7304M,bulk_export,financial_data,47746,117.204.1.41,Bulk download
2025-10-12 00:33:20,Arjun Rao,arjun.rao@org.com,9818495931,5040-9830-5304,WVHBW2290C,login,health_data,37788,117.204.1.25,Large health/KYC access
2025-10-15 00:20:20,Deepak Mehra,deepak.mehra@corp.in,9823511615,9179-7482-8517,WHQPD3646R,bulk_export,customer_records,34074,117.204.1.69,"Bulk download, Odd hour access, Unusual IP"
2025-10-13 07:38:20,Riya Patel,riya.patel@xyz.in,9879402654,4456-6155-4483,ASSZT9317D,login,transaction_export,21640,117.204.1.80,Unusual IP
2025-10-14 14:19:20,Divya Iyer,divya.iyer@company.com,9859407816,3340-5339-3287,YXXPM2832L,download,address_proof,20270,117.204.1.53,Bulk download
2025-10-13 02:21:20,Divya Iyer,divya.iyer@company.com,9859407816,3340-5339-3287,YXXPM2832L,download,address_proof,8342,117.204.1.25,Odd hour access
2025-10-13 05:22:20,Arjun Rao,arjun.rao@org.com,9818495931,5040-9830-5304,WVHBW2290C,view_record,address_proof,37297,117.204.1.39,Odd hour access
2025-10-12 07:12:20,Arjun Rao,arjun.rao@org.com,9818495931,5040-9830-5304,WVHBW2290C,login,financial_data,18804,117.204.1.27,
2025-10-12 03:27:20,Arjun Rao,arjun.rao@org.com,9818495931,5040-9830-5304,WVHBW2290C,download,health_data,28953,117.204.1.57,"Bulk download, Odd hour access, Large health/KYC access"
2025-10-12 12:35:20,Riya Patel,riya.patel@xyz.in,9879402654,4456-6155-4483,ASSZT9317D,view_record,transaction_export,5558,117.204.1.37,
2025-10-11 22:44:20,Suresh Nair,suresh.nair@enterprise.in,9875255341,4593-3266-9348,ENPZY4295W,login,kyc_docs,44093,117.204.1.40,Large health/KYC access
2025-10-14 04:56:20,Riya Patel,riya.patel@xyz.in,9879402654,4456-6155-4483,ASSZT9317D,login,customer_records,16047,117.204.1.61,
2025-10-14 20:36:20,Pooja Gupta,pooja.gupta@support.com,9892832764,9085-2489-1771,IZQLN2982H,bulk_export,transaction_export,37728,117.204.1.25,Bulk download
2025-10-12 14:40:20,Arjun Rao,arjun.rao@org.com,9818495931,5040-9830-5304,WVHBW2290C,view_record,kyc_docs,42996,117.204.1.1,Large health/KYC access
2025-10-12 23:51:20,Priya Singh,priya.singh@yahoo.com,9819600133,4752-1525-6168,PMGOY2876V,view_record,transaction_export,33945,117.204.1.60,Odd hour access
2025-10-12 06:50:20,Amit Sharma,amit.sharma@gmail.com,9810433218,4598-6313-1916,WDERP7304M,login,health_data,8739,117.204.1.60,Large health/KYC access
2025-10-12 06:27:20,Suresh Nair,suresh.nair@enterprise.in,9875255341,4593-3266-9348,ENPZY4295W,download,health_data,40151,117.204.1.65,"Bulk download, Large health/KYC access"
2025-10-12 07:37:20,Arjun Rao,arjun.rao@org.com,9818495931,5040-9830-5304,WVHBW2290C,view_record,transaction_export,31109,117.204.1.58,
2025-10-13 22:12:20,Deepak Mehra,deepak.mehra@corp.in,9823511615,9179-7482-8517,WHQPD3646R,download,address_proof,31759,117.204.1.31,Bulk download
2025-10-12 22:01:20,Deepak Mehra,deepak.mehra@corp.in,9823511615,9179-7482-8517,WHQPD3646R,download,kyc_docs,17808,117.204.1.43,"Bulk download, Large health/KYC access"
2025-10-12 09:00:20,Divya Iyer,divya.iyer@company.com,9859407816,3340-5339-3287,YXXPM2832L,view_record,kyc_docs,15156,117.204.1.50,Large health/KYC access
2025-10-14 03:01:20,Vivek Suri,vivek.suri@abc.com,9889083863,7572-5386-2084,XTTIH3591O,bulk_export,health_data,21685,117.204.1.70,"Bulk download, Odd hour access, Unusual IP, Large health/KYC access"
2025-10-13 01:02:20,Kavita Jha,kavita.jha@mail.com,9803413164,8019-7543-6930,TVZND8787R,view_record,health_data,25525,117.204.1.75,"Odd hour access, Unusual IP, Large health/KYC access"
2025-10-12 04:41:20,Amit Sharma,amit.sharma@gmail.com,9810433218,4598-6313-1916,WDERP7304M,bulk_export,customer_records,23053,117.204.1.39,"Bulk download, Odd hour access"
2025-10-13 00:31:20,Arjun Rao,arjun.rao@org.com,9818495931,5040-9830-5304,WVHBW2290C,logout,address_proof,14454,117.204.1.63,Odd hour access
2025-10-13 19:38:20,Riya Patel,riya.patel@xyz.in,9879402654,4456-6155-4483,ASSZT9317D,bulk_export,customer_records,25485,117.204.1.44,Bulk download
2025-10-14 08:12:20,Arjun Rao,arjun.rao@org.com,9818495931,5040-9830-5304,WVHBW2290C,bulk_export,kyc_docs,40781,117.204.1.69,"Bulk download, Unusual IP, Large health/KYC access"
2025-10-13 03:28:20,Amit Sharma,amit.sharma@gmail.com,9810433218,4598-6313-1916,WDERP7304M,logout,transaction_export,1777,117.204.1.11,Odd hour access
2025-10-14 12:10:20,Arjun Rao,arjun.rao@org.com,9818495931,5040-9830-5304,WVHBW2290C,bulk_export,kyc_docs,3296,117.204.1.34,Large health/KYC access
2025-10-13 12:52:20,Arjun Rao,arjun.rao@org.com,9818495931,5040-9830-5304,WVHBW2290C,bulk_export,financial_data,22119,117.204.1.49,Bulk download
2025-10-13 00:49:20,Deepak Mehra,deepak.mehra@corp.in,9823511615,9179-7482-8517,WHQPD3646R,login,health_data,1271,117.204.1.70,"Unusual IP, Large health/KYC access"
2025-10-13 09:51:20,Amit Sharma,amit.sharma@gmail.com,9810433218,4598-6313-1916,WDERP7304M,login,transaction_export,2639,117.204.1.4,
2025-10-14 04:12:20,Riya Patel,riya.patel@xyz.in,9879402654,4456-6155-4483,ASSZT9317D,login,address_proof,9987,117.204.1.31,
2025-10-12 17:23:20,Vivek Suri,vivek.suri@abc.com,9889083863,7572-5386-2084,XTTIH3591O,login,address_proof,14285,117.204.1.60,
2025-10-13 06:55:20,Deepak Mehra,deepak.mehra@corp.in,9823511615,9179-7482-8517,WHQPD3646R,logout,address_proof,49017,117.204.1.15,
2025-10-13 14:59:20,Vivek Suri,vivek.suri@abc.com,9889083863,7572-5386-2084,XTTIH3591O,logout,customer_records,20445,117.204.1.74,Unusual IP
2025-10-13 03:20:20,Arjun Rao,arjun.rao@org.com,9818495931,5040-9830-5304,WVHBW2290C,view_record,customer_records,38804,117.204.1.32,Odd hour access
2025-10-13 15:11:20,Priya Singh,priya.singh@yahoo.com,9819600133,4752-1525-6168,PMGOY2876V,logout,customer_records,52182,117.204.1.73,Unusual IP
2025-10-13 09:31:20,Amit Sharma,amit.sharma@gmail.com,9810433218,4598-6313-1916,WDERP7304M,bulk_export,transaction_export,24286,117.204.1.9,Bulk download
2025-10-13 11:05:20,Suresh Nair,suresh.nair@enterprise.in,9875255341,4593-3266-9348,ENPZY4295W,bulk_export,health_data,6917,117.204.1.56,Large health/KYC access
2025-10-12 19:20:20,Divya Iyer,divya.iyer@company.com,9859407816,3340-5339-3287,YXXPM2832L,view_record,health_data,11544,117.204.1.67,"Unusual IP, Large health/KYC access"
2025-10-11 23:14:20,Deepak Mehra,deepak.mehra@corp.in,9823511615,9179-7482-8517,WHQPD3646R,logout,health_data,30466,117.204.1.56,"Odd hour access, Large health/KYC access"
2025-10-13 19:45:20,Pooja Gupta,pooja.gupta@support.com,9892832764,9085-2489-1771,IZQLN2982H,view_record,customer_records,18280,117.204.1.58,
2025-10-12 18:29:20,Riya Patel,riya.patel@xyz.in,9879402654,4456-6155-4483,ASSZT9317D,logout,transaction_export,24838,117.204.1.44,
2025-10-12 14:11:20,Amit Sharma,amit.sharma@gmail.com,9810433218,4598-6313-1916,WDERP7304M,download,kyc_docs,31953,117.204.1.28,"Bulk download, Large health/KYC access"
2025-10-13 20:44:20,Divya Iyer,divya.iyer@company.com,9859407816,3340-5339-3287,YXXPM2832L,download,address_proof,45953,117.204.1.36,Bulk download
2025-10-15 04:32:20,Suresh Nair,suresh.nair@enterprise.in,9875255341,4593-3266-9348,ENPZY4295W,view_record,customer_records,15818,117.204.1.53,Odd hour access
2025-10-12 06:17:20,Kavita Jha,kavita.jha@mail.com,9803413164,8019-7543-6930,TVZND8787R,view_record,transaction_export,31202,117.204.1.63,
2025-10-15 04:00:20,Kavita Jha,kavita.jha@mail.com,9803413164,8019-7543-6930,TVZND8787R,download,kyc_docs,26503,117.204.1.32,"Bulk download, Odd hour access, Large health/KYC access"
2025-10-12 03:42:20,Deepak Mehra,deepak.mehra@corp.in,9823511615,9179-7482-8517,WHQPD3646R,bulk_export,address_proof,34795,117.204.1.45,"Bulk download, Odd hour access"
2025-10-12 07:44:20,Arjun Rao,arjun.rao@org.com,9818495931,5040-9830-5304,WVHBW2290C,download,transaction_export,29737,117.204.1.35,Bulk download
2025-10-13 21:51:20,Deepak Mehra,deepak.mehra@corp.in,9823511615,9179-7482-8517,WHQPD3646R,login,transaction_export,12622,117.204.1.41,
2025-10-12 09:17:20,Priya Singh,priya.singh@yahoo.com,9819600133,4752-1525-6168,PMGOY2876V,view_record,kyc_docs,14181,117.204.1.62,Large health/KYC access
2025-10-12 02:17:20,Deepak Mehra,deepak.mehra@corp.in,9823511615,9179-7482-8517,WHQPD3646R,logout,address_proof,18547,117.204.1.13,Odd hour access
2025-10-13 16:51:20,Riya Patel,riya.patel@xyz.in,9879402654,4456-6155-4483,ASSZT9317D,download,kyc_docs,19810,117.204.1.2,"Bulk download, Large health/KYC access"
2025-10-14 13:48:20,Suresh Nair,suresh.nair@enterprise.in,9875255341,4593-3266-9348,ENPZY4295W,login,customer_records,36265,117.204.1.38,
2025-10-12 15:59:20,Vivek Suri,vivek.suri@abc.com,9889083863,7572-5386-2084,XTTIH3591O,login,address_proof,18635,117.204.1.61,
2025-10-12 21:44:20,Kavita Jha,kavita.jha@mail.com,9803413164,8019-7543-6930,TVZND8787R,view_record,customer_records,16547,117.204.1.62,
2025-10-14 21:40:20,Priya Singh,priya.singh@yahoo.com,9819600133,4752-1525-6168,PMGOY2876V,bulk_export,customer_records,37816,117.204.1.7,Bulk download
2025-10-14 10:14:20,Vivek Suri,vivek.suri@abc.com,9889083863,7572-5386-2084,XTTIH3591O,logout,financial_data,5583,117.204.1.32,
2025-10-12 06:17:20,Priya Singh,priya.singh@yahoo.com,9819600133,4752-1525-6168,PMGOY2876V,bulk_export,address_proof,39068,117.204.1.80,"Bulk download, Unusual IP"
2025-10-12 11:41:20,Riya Patel,riya.patel@xyz.in,9879402654,4456-6155-4483,ASSZT9317D,bulk_export,health_data,19488,117.204.1.76,"Bulk download, Unusual IP, Large health/KYC access"
2025-10-13 14:29:20,Arjun Rao,arjun.rao@org.com,9818495931,5040-9830-5304,WVHBW2290C,logout,customer_records,39953,117.204.1.13,
2025-10-11 21:52:20,Riya Patel,riya.patel@xyz.in,9879402654,4456-6155-4483,ASSZT9317D,download,transaction_export,5321,117.204.1.21,
2025-10-14 07:30:20,Riya Patel,riya.patel@xyz.in,9879402654,4456-6155-4483,ASSZT9317D,login,kyc_docs,176,117.204.1.53,
2025-10-12 01:35:20,Kavita Jha,kavita.jha@mail.com,9803413164,8019-7543-6930,TVZND8787R,download,customer_records,15171,117.204.1.37,"Bulk download, Odd hour access"
2025-10-12 20:01:20,Deepak Mehra,deepak.mehra@corp.in,9823511615,9179-7482-8517,WHQPD3646R,view_record,financial_data,51632,117.204.1.76,Unusual IP
2025-10-12 23:58:20,Riya Patel,riya.patel@xyz.in,9879402654,4456-6155-4483,ASSZT9317D,logout,kyc_docs,42444,117.204.1.20,"Odd hour access, Large health/KYC access"
2025-10-14 12:01:20,Deepak Mehra,deepak.mehra@corp.in,9823511615,9179-7482-8517,WHQPD3646R,login,kyc_docs,51946,117.204.1.40,Large health/KYC access
2025-10-12 05:07:20,Pooja Gupta,pooja.gupta@support.com,9892832764,9085-2489-1771,IZQLN2982H,download,health_data,8150,117.204.1.60,"Odd hour access, Large health/KYC access"
2025-10-13 02:48:20,Deepak Mehra,deepak.mehra@corp.in,9823511615,9179-7482-8517,WHQPD3646R,logout,address_proof,32362,117.204.1.57,Odd hour access
2025-10-12 02:03:20,Priya Singh,priya.singh@yahoo.com,9819600133,4752-1525-6168,PMGOY2876V,bulk_export,transaction_export,21124,117.204.1.78,"Bulk download, Odd hour access, Unusual IP"
2025-10-15 03:00:20,Deepak Mehra,deepak.mehra@corp.in,9823511615,9179-7482-8517,WHQPD3646R,view_record,transaction_export,54786,117.204.1.74,"Odd hour access, Unusual IP"
2025-10-15 03:17:20,Pooja Gupta,pooja.gupta@support.com,9892832764,9085-2489-1771,IZQLN2982H,download,address_proof,2637,117.204.1.23,Odd hour access
2025-10-12 11:24:20,Kavita Jha,kavita.jha@mail.com,9803413164,8019-7543-6930,TVZND8787R,bulk_export,financial_data,11895,117.204.1.75,"Bulk download, Unusual IP"
2025-10-12 16:00:20,Arjun Rao,arjun.rao@org.com,9818495931,5040-9830-5304,WVHBW2290C,bulk_export,financial_data,26762,117.204.1.43,Bulk download
2025-10-14 16:11:20,Divya Iyer,divya.iyer@company.com,9859407816,3340-5339-3287,YXXPM2832L,view_record,financial_data,26978,117.204.1.64,
2025-10-13 02:13:20,Deepak Mehra,deepak.mehra@corp.in,9823511615,9179-7482-8517,WHQPD3646R,logout,customer_records,29808,117.204.1.12,Odd hour access
2025-10-13 21:45:20,Divya Iyer,divya.iyer@company.com,9859407816,3340-5339-3287,YXXPM2832L,login,health_data,33725,117.204.1.1,Large health/KYC access
2025-10-12 18:39:20,Suresh Nair,suresh.nair@enterprise.in,9875255341,4593-3266-9348,ENPZY4295W,login,kyc_docs,33977,117.204.1.47,Large health/KYC access
2025-10-12 14:25:20,Pooja Gupta,pooja.gupta@support.com,9892832764,9085-2489-1771,IZQLN2982H,bulk_export,customer_records,13341,117.204.1.35,Bulk download
2025-10-14 13:06:20,Suresh Nair,suresh.nair@enterprise.in,9875255341,4593-3266-9348,ENPZY4295W,download,health_data,45761,117.204.1.63,"Bulk download, Large health/KYC access"
2025-10-15 02:25:20,Priya Singh,priya.singh@yahoo.com,9819600133,4752-1525-6168,PMGOY2876V,logout,kyc_docs,46517,117.204.1.21,"Odd hour access, Large health/KYC access"
2025-10-12 08:05:20,Deepak Mehra,deepak.mehra@corp.in,9823511615,9179-7482-8517,WHQPD3646R,logout,health_data,6109,117.204.1.29,Large health/KYC access
2025-10-12 18:58:20,Priya Singh,priya.singh@yahoo.com,9819600133,4752-1525-6168,PMGOY2876V,view_record,health_data,46964,117.204.1.38,Large health/KYC access
2025-10-13 19:39:20,Suresh Nair,suresh.nair@enterprise.in,9875255341,4593-3266-9348,ENPZY4295W,bulk_export,health_data,15974,117.204.1.59,"Bulk download, Large health/KYC access"
2025-10-14 11:41:20,Suresh Nair,suresh.nair@enterprise.in,9875255341,4593-3266-9348,ENPZY4295W,view_record,address_proof,33309,117.204.1.18,
2025-10-13 18:16:20,Priya Singh,priya.singh@yahoo.com,9819600133,4752-1525-6168,PMGOY2876V,bulk_export,financial_data,51624,117.204.1.65,Bulk download
2025-10-15 05:47:20,Deepak Mehra,deepak.mehra@corp.in,9823511615,9179-7482-8517,WHQPD3646R,download,address_proof,38006,117.204.1.63,"Bulk download, Odd hour access"
2025-10-12 20:31:20,Vivek Suri,vivek.suri@abc.com,9889083863,7572-5386-2084,XTTIH3591O,bulk_export,financial_data,21787,117.204.1.71,"Bulk download, Unusual IP"
2025-10-13 05:36:20,Suresh Nair,suresh.nair@enterprise.in,9875255341,4593-3266-9348,ENPZY4295W,download,kyc_docs,45712,117.204.1.31,"Bulk download, Odd hour access, Large health/KYC access"
2025-10-13 04:51:20,Pooja Gupta,pooja.gupta@support.com,9892832764,9085-2489-1771,IZQLN2982H,bulk_export,customer_records,20853,117.204.1.61,"Bulk download, Odd hour access"
2025-10-13 04:23:20,Arjun Rao,arjun.rao@org.com,9818495931,5040-9830-5304,WVHBW2290C,view_record,health_data,2427,117.204.1.17,"Odd hour access, Large health/KYC access"
2025-10-12 02:44:20,Suresh Nair,suresh.nair@enterprise.in,9875255341,4593-3266-9348,ENPZY4295W,login,health_data,6535,117.204.1.68,"Unusual IP, Large health/KYC access"
2025-10-15 04:19:20,Kavita Jha,kavita.jha@mail.com,9803413164,8019-7543-6930,TVZND8787R,view_record,health_data,42912,117.204.1.20,"Odd hour access, Large health/KYC access"
2025-10-12 17:15:20,Priya Singh,priya.singh@yahoo.com,9819600133,4752-1525-6168,PMGOY2876V,download,financial_data,40846,117.204.1.51,Bulk download
2025-10-13 11:11:20,Priya Singh,priya.singh@yahoo.com,9819600133,4752-1525-6168,PMGOY2876V,logout,health_data,20753,117.204.1.63,Large health/KYC access
2025-10-15 01:26:20,Suresh Nair,suresh.nair@enterprise.in,9875255341,4593-3266-9348,ENPZY4295W,login,kyc_docs,41364,117.204.1.37,Large health/KYC access
2025-10-14 18:38:20,Riya Patel,riya.patel@xyz.in,9879402654,4456-6155-4483,ASSZT9317D,login,transaction_export,46131,117.204.1.13,
2025-10-14 08:21:20,Kavita Jha,kavita.jha@mail.com,9803413164,8019-7543-6930,TVZND8787R,download,customer_records,3015,117.204.1.42,
2025-10-13 16:43:20,Amit Sharma,amit.sharma@gmail.com,9810433218,4598-6313-1916,WDERP7304M,download,health_data,9541,117.204.1.32,Large health/KYC access
2025-10-13 01:29:20,Suresh Nair,suresh.nair@enterprise.in,9875255341,4593-3266-9348,ENPZY4295W,view_record,kyc_docs,11474,117.204.1.11,"Odd hour access, Large health/KYC access"
2025-10-13 05:26:20,Pooja Gupta,pooja.gupta@support.com,9892832764,9085-2489-1771,IZQLN2982H,view_record,health_data,38218,117.204.1.19,"Odd hour access, Large health/KYC access"
2025-10-12 18:25:20,Riya Patel,riya.patel@xyz.in,9879402654,4456-6155-4483,ASSZT9317D,download,health_data,16734,117.204.1.2,"Bulk download, Large health/KYC access"
2025-10-13 17:22:20,Kavita Jha,kavita.jha@mail.com,9803413164,8019-7543-6930,TVZND8787R,logout,kyc_docs,4841,117.204.1.57,Large health/KYC access
2025-10-12 02:46:20,Divya Iyer,divya.iyer@company.com,9859407816,3340-5339-3287,YXXPM2832L,bulk_export,transaction_export,16391,117.204.1.59,"Bulk download, Odd hour access"
2025-10-14 04:41:20,Deepak Mehra,deepak.mehra@corp.in,9823511615,9179-7482-8517,WHQPD3646R,bulk_export,customer_records,15546,117.204.1.49,"Bulk download, Odd hour access"
2025-10-13 08:29:20,Pooja Gupta,pooja.gupta@support.com,9892832764,9085-2489-1771,IZQLN2982H,download,transaction_export,19349,117.204.1.3,Bulk download
2025-10-13 19:05:20,Arjun Rao,arjun.rao@org.com,9818495931,5040-9830-5304,WVHBW2290C,logout,transaction_export,51008,117.204.1.7,
2025-10-12 14:12:20,Pooja Gupta,pooja.gupta@support.com,9892832764,9085-2489-1771,IZQLN2982H,download,kyc_docs,39785,117.204.1.46,"Bulk download, Large health/KYC access"
